WINTER,3.98
WINTER,3.98
WINTER,3.98
WINTER,3.98
WINTER,3.98
WINTER,3.98
WINTER,3.98
WINTER,3.98
WINTER,3.98
WINTER,3.98
WINTER,4.1
WINTER,4.25
WINTER,4.35
WINTER,4.33
WINTER,4.4
WINTER,4.18
WINTER,3.98
WINTER,3.98
WINTER,3.98
WINTER,3.98
WINTER,3.98
WINTER,3.98
WINTER,3.98
WINTER,3.98
WINTER,3.98
WINTER,3.98
WINTER,3.98
WINTER,4.19
WINTER,3.98
WINTER,3.98
WINTER,3.98
WINTER,3.98
WINTER,3.98
WINTER,3.98
WINTER,3.98
WINTER,3.98
WINTER,3.98
WINTER,3.98
WINTER,3.98
WINTER,3.98
WINTER,3.98
WINTER,3.98
WINTER,3.98
WINTER,4.08
WINTER,8.03
WINTER,5.74
WINTER,4.87
WINTER,4.77
WINTER,4.77
WINTER,4.77
WINTER,4.77
WINTER,4.77
WINTER,4.77
WINTER,4.77
WINTER,4.77
WINTER,4.77
WINTER,4.77
WINTER,4.77
WINTER,4.77
SPRING,4.77
SPRING,4.77
SPRING,4.77
SPRING,4.77
SPRING,4.77
SPRING,4.77
SPRING,4.77
SPRING,4.77
SPRING,4.77
SPRING,4.77
SPRING,4.41
SPRING,3.98
SPRING,4.24
SPRING,4.9
SPRING,4.35
SPRING,4.25
SPRING,4.12
SPRING,3.98
SPRING,3.98
SPRING,3.98
SPRING,3.98
SPRING,4.17
SPRING,4.22
SPRING,3.98
SPRING,3.98
SPRING,3.98
SPRING,3.69
SPRING,3.48
SPRING,3.48
SPRING,3.48
SPRING,3.48
SPRING,3.48
SPRING,3.48
SPRING,3.48
SPRING,3.48
SPRING,3.48
SPRING,3.48
SPRING,3.48
SPRING,3.48
SPRING,3.48
SPRING,3.48
SPRING,3.48
SPRING,3.48
SPRING,3.48
SPRING,3.45
SPRING,3.23
SPRING,3.23
SPRING,3.23
SPRING,3.23
SPRING,3.23
SPRING,3.23
SPRING,3.23
SPRING,3.23
SPRING,3.23
SPRING,3.23
SPRING,3.23
SPRING,3.23
SPRING,3.23
SPRING,3.23
SPRING,3.23
SPRING,3.23
SPRING,3.23
SPRING,3.23
SPRING,3.23
SPRING,3.23
SPRING,3.23
SPRING,3.23
SPRING,0.65
SPRING,3.14
SPRING,72.09
SPRING,14.05
SPRING,4.31
SPRING,2.35
SPRING,6.42
SPRING,7.55
SPRING,3.25
SPRING,2.11
SPRING,1.16
SPRING,0.85
SPRING,0.79
SPRING,0.79
SPRING,0.79
SPRING,0.79
SPRING,0.79
SUMMER,0.79
SUMMER,0.79
SUMMER,0.79
SUMMER,0.79
SUMMER,0.79
SUMMER,0.79
SUMMER,0.79
SUMMER,0.79
SUMMER,0.79
SUMMER,5.16
SUMMER,2.96
SUMMER,0.93
SUMMER,0.79
SUMMER,0.79
SUMMER,0.79
SUMMER,0.79
SUMMER,0.79
SUMMER,0.79
SUMMER,0.79
SUMMER,0.89
SUMMER,1.54
SUMMER,0.86
SUMMER,0.71
SUMMER,0.65
SUMMER,0.65
SUMMER,0.65
SUMMER,0.65
SUMMER,1.37
SUMMER,1.56
SUMMER,1.46
SUMMER,0.93
SUMMER,1.3
SUMMER,1.62
SUMMER,1.16
SUMMER,0.96
SUMMER,0.85
SUMMER,0.79
SUMMER,1.65
SUMMER,30.7
SUMMER,53.19
SUMMER,11.05
SUMMER,369.93
SUMMER,139.29
SUMMER,113.57
SUMMER,277.8
SUMMER,48.17
SUMMER,23.44
SUMMER,22.29
SUMMER,72.23
SUMMER,21.36
SUMMER,17.89
SUMMER,13.71
SUMMER,11.72
SUMMER,12.77
SUMMER,12.22
SUMMER,11.71
SUMMER,11.31
SUMMER,11.07
SUMMER,9.96
SUMMER,8.12
SUMMER,7.24
SUMMER,7.14
SUMMER,7.14
SUMMER,7.14
SUMMER,7.14
SUMMER,7.14
SUMMER,7.14
SUMMER,7.14
SUMMER,7.86
SUMMER,8.26
SUMMER,7.49
SUMMER,44.24
SUMMER,168.37
SUMMER,85.65
SUMMER,28.48
SUMMER,17.2
SUMMER,12.57
SUMMER,10.27
SUMMER,7.64
SUMMER,7.75
SUMMER,34.13
SUMMER,38.64
SUMMER,14.63
SUMMER,10.55
SUMMER,8.39
SUMMER,7.93
SUMMER,9.23
SUMMER,10.19
SUMMER,9.21
SUMMER,7.49
SUMMER,7.49
SUMMER,7.49
AUTUMN,7.49
AUTUMN,7.49
AUTUMN,7.49
AUTUMN,7.49
AUTUMN,7.49
AUTUMN,7.49
AUTUMN,7.49
AUTUMN,7.49
AUTUMN,7.49
AUTUMN,7.49
AUTUMN,7.49
AUTUMN,8.98
AUTUMN,9.98
AUTUMN,7.73
AUTUMN,7.49
AUTUMN,5.79
AUTUMN,4.99
AUTUMN,4.68
AUTUMN,4.68
AUTUMN,4.53
AUTUMN,4.33
AUTUMN,4.33
AUTUMN,4.33
AUTUMN,4.33
AUTUMN,4.33
AUTUMN,4.33
AUTUMN,4.33
AUTUMN,4.33
AUTUMN,4.33
AUTUMN,4.33
AUTUMN,4.33
AUTUMN,4.33
AUTUMN,4.33
AUTUMN,4.33
AUTUMN,4.33
AUTUMN,4.33
AUTUMN,4.33
AUTUMN,4.33
AUTUMN,4.33
AUTUMN,4.33
AUTUMN,4.33
AUTUMN,4.33
AUTUMN,4.9
AUTUMN,7.04
AUTUMN,7.32
AUTUMN,6.86
AUTUMN,6.92
AUTUMN,7.14
AUTUMN,7.14
AUTUMN,7.14
AUTUMN,6.79
AUTUMN,6.44
AUTUMN,6.29
AUTUMN,6.09
AUTUMN,6.09
AUTUMN,6.09
AUTUMN,6.09
AUTUMN,5.94
AUTUMN,5.74
AUTUMN,5.74
AUTUMN,5.81
AUTUMN,8.46
AUTUMN,8.74
AUTUMN,7.69
AUTUMN,7.39
AUTUMN,6.72
AUTUMN,6.44
AUTUMN,6.25
AUTUMN,9.51
AUTUMN,16.86
AUTUMN,10.25
AUTUMN,8.26
AUTUMN,7.67
AUTUMN,7.23
AUTUMN,7.14
AUTUMN,7.14
AUTUMN,7.14
AUTUMN,6.98
AUTUMN,6.79
AUTUMN,6.79
AUTUMN,6.79
AUTUMN,6.79
AUTUMN,6.79
AUTUMN,6.79
AUTUMN,6.79
AUTUMN,6.79
AUTUMN,6.66
AUTUMN,6.44
AUTUMN,6.27
AUTUMN,6.09
AUTUMN,6.09
WINTER,6.09
WINTER,6.09
WINTER,6.09
WINTER,6.09
WINTER,6.21
WINTER,6.44
WINTER,6.44
WINTER,6.44
WINTER,6.44
WINTER,6.47
WINTER,8.7
WINTER,8.41
WINTER,7.56
WINTER,7.27
WINTER,7.14
WINTER,6.64
WINTER,6.09
WINTER,6.09
WINTER,6.16
WINTER,5.82
WINTER,5.56
WINTER,5.19
WINTER,5.03
WINTER,5.03
WINTER,5.03
WINTER,5.03
WINTER,4.87
WINTER,4.8
WINTER,4.37
WINTER,3.98
WINTER,3.98
WINTER,4.58
WINTER,4.73
WINTER,4.82
WINTER,3.99
WINTER,4.49
WINTER,4.89
WINTER,4.89
WINTER,5.41
WINTER,5.93
WINTER,5.93
WINTER,6.13
WINTER,6.62
WINTER,6.81
WINTER,7.18
WINTER,7.31
WINTER,7.27
WINTER,6.99
WINTER,7.12
WINTER,6.41
WINTER,8.67
WINTER,12.34
WINTER,11.48
WINTER,9.29
WINTER,7.53
WINTER,6.35
WINTER,5.95
WINTER,5.41
WINTER,5.23
WINTER,5.54
WINTER,5.39
WINTER,5.05
WINTER,4.89
WINTER,4.71
WINTER,4.26
WINTER,3.97
WINTER,3.94
WINTER,3.8
WINTER,3.51
WINTER,3.35
WINTER,5.35
WINTER,12.34
WINTER,12.32
WINTER,10.34
WINTER,9.38
WINTER,8.43
WINTER,7.07
WINTER,6.45
WINTER,6.1
WINTER,5.93
WINTER,5.72
WINTER,5.44
WINTER,5.9
WINTER,7.05
WINTER,7.05
WINTER,7.25
WINTER,9.97
WINTER,12.34
WINTER,12.34
WINTER,11.68
SPRING,11.8
SPRING,12.34
SPRING,12.34
SPRING,12.14
SPRING,11.22
SPRING,10.75
SPRING,9.6
SPRING,6.56
SPRING,1.85
SPRING,1.98
SPRING,2.35
SPRING,2.95
SPRING,3.08
SPRING,2.61
SPRING,3.49
SPRING,5.96
SPRING,4.51
SPRING,3.94
SPRING,4.12
SPRING,4.07
SPRING,3.8
SPRING,3.2
SPRING,3.08
SPRING,2.96
SPRING,2.62
SPRING,3.25
SPRING,2.93
SPRING,2.42
SPRING,2.1
SPRING,1.79
SPRING,2.55
SPRING,6.64
SPRING,7.2
SPRING,5.41
SPRING,3.81
SPRING,3.09
SPRING,2.44
SPRING,1.12
SPRING,1.53
SPRING,0.98
SPRING,1.07
SPRING,1.07
SPRING,1.05
SPRING,0.85
SPRING,0.74
SPRING,0.74
SPRING,0.74
SPRING,0.61
SPRING,0.47
SPRING,0.47
SPRING,0.41
SPRING,0.09
SPRING,0.23
SPRING,0.36
SPRING,0.36
SPRING,0.3
SPRING,0.22
SPRING,4.63
SPRING,4.05
SPRING,4.42
SPRING,3.27
SPRING,1.92
SPRING,1.1
SPRING,0.66
SPRING,0.38
SPRING,0.24
SPRING,0.17
SPRING,0.23
SPRING,0.24
SPRING,0.13
SPRING,0.09
SPRING,0.07
SPRING,0.09
SPRING,0.08
SPRING,0.08
SPRING,0.09
SPRING,0.09
SPRING,0.1
SPRING,20.16
SPRING,27.26
SPRING,8.87
SPRING,4.08
SPRING,4.08
SPRING,11.23
SPRING,14.07
SPRING,10.92
SPRING,6.37
SPRING,3.24
SPRING,1.89
SPRING,1.56
SPRING,1.24
SPRING,0.75
SUMMER,0.4
SUMMER,0.26
SUMMER,0.11
SUMMER,0.08
SUMMER,0.09
SUMMER,0.09
SUMMER,0.09
SUMMER,0.09
SUMMER,0.09
SUMMER,0.08
SUMMER,0.08
SUMMER,1.34
SUMMER,4.35
SUMMER,4.01
SUMMER,2.15
SUMMER,1.78
SUMMER,1.01
SUMMER,0.9
SUMMER,0.75
SUMMER,32.92
SUMMER,14.71
SUMMER,5.48
SUMMER,3.14
SUMMER,2.25
SUMMER,1.84
SUMMER,3.3
SUMMER,2.09
SUMMER,2.0
SUMMER,1.41
SUMMER,1.35
SUMMER,1.64
SUMMER,4.53
SUMMER,14.44
SUMMER,7.49
SUMMER,6.24
SUMMER,3.63
SUMMER,3.08
SUMMER,2.86
SUMMER,1.85
SUMMER,1.45
SUMMER,1.24
SUMMER,1.08
SUMMER,0.52
SUMMER,0.09
SUMMER,0.17
SUMMER,3.04
SUMMER,68.45
SUMMER,53.83
SUMMER,17.89
SUMMER,8.98
SUMMER,5.67
SUMMER,4.74
SUMMER,4.85
SUMMER,11.52
SUMMER,8.64
SUMMER,5.61
SUMMER,4.49
SUMMER,3.2
SUMMER,2.54
SUMMER,1.94
SUMMER,2.66
SUMMER,5.46
SUMMER,4.33
SUMMER,8.7
SUMMER,21.06
SUMMER,32.58
SUMMER,27.43
SUMMER,9.92
SUMMER,8.66
SUMMER,25.28
SUMMER,10.92
SUMMER,31.74
SUMMER,37.38
SUMMER,120.26
SUMMER,58.19
SUMMER,31.71
SUMMER,33.49
SUMMER,24.62
SUMMER,16.26
SUMMER,13.11
SUMMER,10.5
SUMMER,12.12
SUMMER,23.51
SUMMER,37.25
SUMMER,30.11
SUMMER,19.07
SUMMER,11.63
SUMMER,41.46
SUMMER,60.9
SUMMER,78.26
AUTUMN,111.29
AUTUMN,98.72
AUTUMN,60.51
AUTUMN,41.71
AUTUMN,33.05
AUTUMN,81.34
AUTUMN,51.8
AUTUMN,30.02
AUTUMN,25.21
AUTUMN,26.22
AUTUMN,224.48
AUTUMN,442.84
AUTUMN,126.38
AUTUMN,66.16
AUTUMN,43.09
AUTUMN,32.0
AUTUMN,30.11
AUTUMN,27.34
AUTUMN,25.97
AUTUMN,49.47
AUTUMN,57.36
AUTUMN,184.74
AUTUMN,59.17
AUTUMN,38.94
AUTUMN,32.06
AUTUMN,25.94
AUTUMN,23.5
AUTUMN,21.26
AUTUMN,21.0
AUTUMN,18.4
AUTUMN,15.45
AUTUMN,15.47
AUTUMN,17.6
AUTUMN,15.52
AUTUMN,15.45
AUTUMN,13.44
AUTUMN,12.84
AUTUMN,12.84
AUTUMN,12.84
AUTUMN,12.84
AUTUMN,12.84
AUTUMN,12.84
AUTUMN,12.84
AUTUMN,12.84
AUTUMN,10.43
AUTUMN,6.78
AUTUMN,6.42
AUTUMN,6.2
AUTUMN,5.93
AUTUMN,5.93
AUTUMN,5.93
AUTUMN,5.83
AUTUMN,5.57
AUTUMN,5.24
AUTUMN,5.2
AUTUMN,4.78
AUTUMN,4.56
AUTUMN,4.56
AUTUMN,4.56
AUTUMN,4.41
AUTUMN,4.25
AUTUMN,4.25
AUTUMN,4.12
AUTUMN,3.94
AUTUMN,3.94
AUTUMN,3.94
AUTUMN,3.94
AUTUMN,3.94
AUTUMN,3.94
AUTUMN,3.99
AUTUMN,4.25
AUTUMN,4.25
AUTUMN,4.78
AUTUMN,4.52
AUTUMN,4.07
AUTUMN,3.94
AUTUMN,3.94
AUTUMN,3.94
AUTUMN,3.94
AUTUMN,3.94
AUTUMN,3.94
AUTUMN,3.94
AUTUMN,3.94
AUTUMN,3.79
AUTUMN,3.64
AUTUMN,3.64
AUTUMN,3.64
AUTUMN,3.64
AUTUMN,3.64
AUTUMN,3.64
AUTUMN,3.64
WINTER,3.64
WINTER,3.64
WINTER,3.64
WINTER,3.64
WINTER,3.64
WINTER,3.54
WINTER,3.35
WINTER,3.35
WINTER,3.35
WINTER,3.35
WINTER,3.35
WINTER,3.35
WINTER,3.35
WINTER,3.35
WINTER,2.91
WINTER,2.79
WINTER,3.08
WINTER,3.08
WINTER,3.08
WINTER,3.08
WINTER,3.08
WINTER,3.08
WINTER,3.08
WINTER,2.55
WINTER,2.55
WINTER,3.74
WINTER,3.25
WINTER,2.81
WINTER,3.52
WINTER,3.08
WINTER,3.77
WINTER,4.18
WINTER,4.26
WINTER,4.5
WINTER,3.74
WINTER,3.4
WINTER,3.22
WINTER,2.99
WINTER,3.1
WINTER,3.18
WINTER,3.5
WINTER,3.25
WINTER,3.1
WINTER,4.08
WINTER,3.84
WINTER,3.66
WINTER,3.52
WINTER,4.05
WINTER,4.33
WINTER,4.5
WINTER,4.71
WINTER,4.87
WINTER,4.98
WINTER,4.95
WINTER,4.61
WINTER,4.67
WINTER,5.1
WINTER,5.52
WINTER,5.96
WINTER,6.21
WINTER,6.22
WINTER,5.34
WINTER,4.83
WINTER,3.87
WINTER,3.26
WINTER,3.03
WINTER,3.03
WINTER,3.03
WINTER,2.92
WINTER,2.71
WINTER,2.96
WINTER,3.3
WINTER,2.93
WINTER,2.49
WINTER,2.43
WINTER,2.57
WINTER,2.49
WINTER,2.57
WINTER,2.57
WINTER,2.57
WINTER,2.57
WINTER,2.57
WINTER,2.57
WINTER,2.57
WINTER,2.57
WINTER,2.57
WINTER,2.57
WINTER,2.57
WINTER,15.62
WINTER,32.33
SPRING,13.17
SPRING,8.9
SPRING,6.48
SPRING,5.29
SPRING,4.72
SPRING,4.44
SPRING,4.31
SPRING,3.97
SPRING,3.79
SPRING,3.43
SPRING,3.27
SPRING,3.27
SPRING,3.27
SPRING,3.27
SPRING,3.27
SPRING,3.27
SPRING,3.27
SPRING,3.27
SPRING,3.27
SPRING,5.58
SPRING,7.26
SPRING,5.36
SPRING,4.65
SPRING,4.08
SPRING,4.25
SPRING,4.62
SPRING,4.57
SPRING,4.18
SPRING,4.05
SPRING,2.9
SPRING,2.57
SPRING,2.57
SPRING,2.57
SPRING,2.57
SPRING,2.57
SPRING,2.57
SPRING,2.19
SPRING,1.07
SPRING,3.8
SPRING,3.84
SPRING,3.54
SPRING,2.81
SPRING,2.15
SPRING,2.15
SPRING,2.15
SPRING,2.15
SPRING,2.15
SPRING,1.86
SPRING,1.62
SPRING,1.62
SPRING,1.51
SPRING,1.26
SPRING,3.27
SPRING,6.78
SPRING,3.66
SPRING,2.28
SPRING,1.88
SPRING,1.93
SPRING,2.36
SPRING,2.24
SPRING,64.27
SPRING,123.96
SPRING,32.92
SPRING,16.08
SPRING,9.67
SPRING,7.48
SPRING,5.91
SPRING,5.98
SPRING,4.84
SPRING,4.95
SPRING,22.04
SPRING,217.87
SPRING,73.95
SPRING,34.92
SPRING,20.4
SPRING,14.72
SPRING,11.79
SPRING,10.01
SPRING,9.29
SPRING,9.05
SPRING,9.37
SPRING,13.08
SPRING,12.97
SPRING,9.22
SPRING,7.59
SPRING,7.03
SPRING,6.94
SPRING,6.24
SPRING,5.45
SPRING,4.87
SPRING,4.36
SPRING,4.06
SUMMER,27.22
SUMMER,15.86
SUMMER,7.48
SUMMER,5.7
SUMMER,4.85
SUMMER,4.27
SUMMER,3.64
SUMMER,3.27
SUMMER,3.53
SUMMER,3.3
SUMMER,3.03
SUMMER,2.94
SUMMER,2.8
SUMMER,2.62
SUMMER,2.36
SUMMER,1.8
SUMMER,1.32
SUMMER,1.44
SUMMER,1.5
SUMMER,1.62
SUMMER,1.89
SUMMER,2.66
SUMMER,18.01
SUMMER,197.18
SUMMER,134.7
SUMMER,161.52
SUMMER,62.8
SUMMER,32.92
SUMMER,76.91
SUMMER,318.16
SUMMER,97.0
SUMMER,49.28
SUMMER,324.19
SUMMER,217.24
SUMMER,72.55
SUMMER,42.43
SUMMER,43.79
SUMMER,235.69
SUMMER,337.54
SUMMER,146.87
SUMMER,206.13
SUMMER,323.17
SUMMER,143.51
SUMMER,202.85
SUMMER,190.08
SUMMER,86.95
SUMMER,151.56
SUMMER,60.51
SUMMER,37.59
SUMMER,28.64
SUMMER,23.53
SUMMER,20.34
SUMMER,17.93
SUMMER,17.86
SUMMER,18.36
SUMMER,17.01
SUMMER,275.68
SUMMER,137.09
SUMMER,84.05
SUMMER,92.25
SUMMER,69.34
SUMMER,93.42
SUMMER,45.71
SUMMER,34.93
SUMMER,57.44
SUMMER,30.05
SUMMER,23.02
SUMMER,19.53
SUMMER,94.45
SUMMER,49.94
SUMMER,36.59
SUMMER,23.52
SUMMER,46.3
SUMMER,124.78
SUMMER,69.12
SUMMER,87.2
SUMMER,105.66
SUMMER,519.98
SUMMER,285.0
SUMMER,86.97
SUMMER,52.79
SUMMER,37.35
SUMMER,29.52
SUMMER,25.08
SUMMER,20.97
SUMMER,17.39
SUMMER,16.05
SUMMER,15.31
SUMMER,13.31
SUMMER,11.77
SUMMER,10.04
SUMMER,10.0
AUTUMN,9.64
AUTUMN,8.98
AUTUMN,8.66
AUTUMN,8.18
AUTUMN,7.7
AUTUMN,8.93
AUTUMN,7.76
AUTUMN,7.72
AUTUMN,9.57
AUTUMN,8.83
AUTUMN,109.28
AUTUMN,55.19
AUTUMN,21.64
AUTUMN,15.63
AUTUMN,13.2
AUTUMN,11.89
AUTUMN,10.93
AUTUMN,31.04
AUTUMN,14.16
AUTUMN,11.54
AUTUMN,10.53
AUTUMN,9.5
AUTUMN,8.97
AUTUMN,8.53
AUTUMN,8.04
AUTUMN,7.69
AUTUMN,7.44
AUTUMN,7.41
AUTUMN,9.8
AUTUMN,11.16
AUTUMN,8.4
AUTUMN,7.54
AUTUMN,7.14
AUTUMN,6.86
AUTUMN,7.14
AUTUMN,7.49
AUTUMN,6.85
AUTUMN,6.17
AUTUMN,5.93
AUTUMN,5.79
AUTUMN,5.6
AUTUMN,5.52
AUTUMN,5.29
AUTUMN,5.42
AUTUMN,6.27
AUTUMN,9.08
AUTUMN,7.41
AUTUMN,6.06
AUTUMN,5.41
AUTUMN,5.21
AUTUMN,4.97
AUTUMN,6.94
AUTUMN,6.22
AUTUMN,5.6
AUTUMN,5.39
AUTUMN,5.17
AUTUMN,4.88
AUTUMN,4.38
AUTUMN,4.53
AUTUMN,4.97
AUTUMN,4.86
AUTUMN,4.59
AUTUMN,4.38
AUTUMN,4.58
AUTUMN,4.65
AUTUMN,4.38
AUTUMN,4.57
AUTUMN,4.67
AUTUMN,4.67
AUTUMN,4.77
AUTUMN,5.13
AUTUMN,4.67
AUTUMN,4.53
AUTUMN,4.38
AUTUMN,4.24
AUTUMN,4.09
AUTUMN,4.09
AUTUMN,4.09
AUTUMN,4.89
AUTUMN,6.53
AUTUMN,5.45
AUTUMN,4.85
AUTUMN,4.67
AUTUMN,4.67
AUTUMN,4.67
AUTUMN,4.67
AUTUMN,4.67
AUTUMN,4.5
AUTUMN,4.2
AUTUMN,4.09
AUTUMN,20.78
WINTER,19.32
WINTER,9.16
WINTER,10.6
WINTER,9.43
WINTER,7.62
WINTER,6.81
WINTER,6.44
WINTER,6.26
WINTER,5.93
WINTER,5.93
WINTER,5.85
WINTER,5.6
WINTER,5.43
WINTER,5.29
WINTER,4.97
WINTER,4.83
WINTER,4.48
WINTER,4.38
WINTER,4.22
WINTER,4.09
WINTER,4.09
WINTER,4.09
WINTER,3.77
WINTER,3.72
WINTER,4.0
WINTER,3.73
WINTER,3.69
WINTER,3.87
WINTER,3.55
WINTER,3.58
WINTER,3.34
WINTER,3.7
WINTER,3.7
WINTER,3.7
WINTER,3.7
WINTER,3.6
WINTER,3.79
WINTER,3.48
WINTER,3.49
WINTER,3.84
WINTER,3.97
WINTER,3.62
WINTER,3.36
WINTER,3.62
WINTER,3.38
WINTER,3.27
WINTER,3.41
WINTER,3.23
WINTER,3.23
WINTER,3.23
WINTER,3.23
WINTER,3.23
WINTER,3.23
WINTER,2.91
WINTER,2.92
WINTER,3.12
WINTER,2.91
WINTER,3.36
WINTER,3.12
WINTER,2.9
WINTER,2.89
WINTER,2.94
WINTER,2.9
WINTER,2.92
WINTER,4.3
WINTER,3.94
WINTER,3.05
WINTER,2.88
WINTER,2.79
WINTER,2.74
WINTER,2.61
WINTER,2.65
WINTER,2.49
WINTER,2.59
WINTER,2.58
WINTER,2.58
WINTER,2.58
WINTER,2.45
WINTER,2.39
WINTER,2.3
WINTER,2.2
WINTER,2.2
WINTER,2.2
WINTER,2.2
WINTER,2.2
WINTER,2.2
WINTER,2.2
WINTER,2.2
WINTER,2.2
WINTER,2.2
WINTER,2.2
SPRING,2.2
SPRING,2.2
SPRING,2.2
SPRING,2.2
SPRING,2.26
SPRING,4.24
SPRING,4.56
SPRING,3.68
SPRING,3.36
SPRING,3.12
SPRING,3.0
SPRING,2.84
SPRING,2.79
SPRING,2.66
SPRING,2.58
SPRING,2.45
SPRING,3.59
SPRING,4.25
SPRING,3.64
SPRING,3.31
SPRING,3.04
SPRING,2.74
SPRING,4.04
SPRING,11.82
SPRING,7.76
SPRING,5.52
SPRING,4.5
SPRING,3.19
SPRING,3.0
SPRING,6.26
SPRING,6.62
SPRING,5.23
SPRING,4.78
SPRING,88.66
SPRING,44.92
SPRING,20.56
SPRING,10.46
SPRING,9.17
SPRING,8.0
SPRING,6.89
SPRING,6.61
SPRING,7.26
SPRING,6.12
SPRING,5.3
SPRING,4.9
SPRING,4.58
SPRING,4.11
SPRING,3.54
SPRING,3.46
SPRING,3.33
SPRING,3.07
SPRING,5.02
SPRING,15.14
SPRING,8.86
SPRING,6.36
SPRING,9.75
SPRING,23.72
SPRING,10.78
SPRING,7.34
SPRING,5.81
SPRING,4.86
SPRING,4.17
SPRING,3.31
SPRING,2.97
SPRING,2.7
SPRING,2.4
SPRING,2.39
SPRING,2.3
SPRING,2.2
SPRING,2.1
SPRING,2.02
SPRING,2.02
SPRING,2.02
SPRING,2.17
SPRING,4.02
SPRING,7.91
SPRING,5.58
SPRING,7.21
SPRING,5.71
SPRING,3.52
SPRING,3.52
SPRING,2.96
SPRING,2.57
SPRING,2.29
SPRING,2.2
SPRING,2.13
SPRING,2.02
SPRING,2.02
SPRING,2.07
SPRING,3.33
SPRING,2.86
SPRING,2.69
SUMMER,2.26
SUMMER,2.2
SUMMER,2.2
SUMMER,2.12
SUMMER,2.02
SUMMER,2.02
SUMMER,2.02
SUMMER,2.3
SUMMER,2.21
SUMMER,2.08
SUMMER,2.04
SUMMER,2.02
SUMMER,2.02
SUMMER,2.02
SUMMER,2.02
SUMMER,2.02
SUMMER,2.02
SUMMER,2.02
SUMMER,1.9
SUMMER,1.69
SUMMER,1.69
SUMMER,1.69
SUMMER,1.69
SUMMER,1.69
SUMMER,1.69
SUMMER,1.43
SUMMER,0.73
SUMMER,0.71
SUMMER,2.39
SUMMER,26.62
SUMMER,22.21
SUMMER,6.55
SUMMER,2.81
SUMMER,5.25
SUMMER,5.67
SUMMER,389.43
SUMMER,136.22
SUMMER,38.41
SUMMER,21.38
SUMMER,17.41
SUMMER,16.06
SUMMER,12.64
SUMMER,13.81
SUMMER,12.85
SUMMER,167.04
SUMMER,64.85
SUMMER,30.14
SUMMER,21.86
SUMMER,125.71
SUMMER,59.37
SUMMER,28.37
SUMMER,31.73
SUMMER,45.05
SUMMER,19.77
SUMMER,13.25
SUMMER,8.4
SUMMER,5.11
SUMMER,5.51
SUMMER,5.13
SUMMER,4.62
SUMMER,2.95
SUMMER,3.27
SUMMER,3.04
SUMMER,2.77
SUMMER,2.48
SUMMER,2.25
SUMMER,2.05
SUMMER,1.94
SUMMER,1.79
SUMMER,1.58
SUMMER,1.83
SUMMER,2.26
SUMMER,4.3
SUMMER,35.2
SUMMER,9.59
SUMMER,25.24
SUMMER,43.96
SUMMER,21.87
SUMMER,19.16
SUMMER,15.09
SUMMER,19.86
SUMMER,38.27
SUMMER,91.99
SUMMER,52.94
SUMMER,28.73
SUMMER,28.54
SUMMER,18.83
SUMMER,14.41
SUMMER,11.72
SUMMER,10.11
SUMMER,233.5
SUMMER,194.17
AUTUMN,62.95
AUTUMN,44.02
AUTUMN,26.83
AUTUMN,32.34
AUTUMN,215.15
AUTUMN,62.75
AUTUMN,35.92
AUTUMN,70.96
AUTUMN,36.75
AUTUMN,26.36
AUTUMN,19.59
AUTUMN,15.99
AUTUMN,13.96
AUTUMN,15.19
AUTUMN,14.0
AUTUMN,13.21
AUTUMN,105.43
AUTUMN,96.21
AUTUMN,40.35
AUTUMN,28.22
AUTUMN,19.19
AUTUMN,15.19
AUTUMN,12.89
AUTUMN,11.14
AUTUMN,9.68
AUTUMN,9.15
AUTUMN,8.25
AUTUMN,7.93
AUTUMN,7.7
AUTUMN,7.12
AUTUMN,6.6
AUTUMN,6.21
AUTUMN,5.72
AUTUMN,5.44
AUTUMN,5.18
AUTUMN,5.07
AUTUMN,4.73
AUTUMN,4.55
AUTUMN,4.25
AUTUMN,4.08
AUTUMN,5.57
AUTUMN,4.35
AUTUMN,3.88
AUTUMN,3.36
AUTUMN,3.05
AUTUMN,3.44
AUTUMN,3.27
AUTUMN,3.21
AUTUMN,3.05
AUTUMN,2.93
AUTUMN,2.83
AUTUMN,11.17
AUTUMN,14.72
AUTUMN,5.34
AUTUMN,4.03
AUTUMN,3.62
AUTUMN,9.0
AUTUMN,19.99
AUTUMN,7.67
AUTUMN,5.55
AUTUMN,4.86
AUTUMN,4.55
AUTUMN,4.3
AUTUMN,4.01
AUTUMN,4.01
AUTUMN,4.01
AUTUMN,4.57
AUTUMN,5.31
AUTUMN,4.67
AUTUMN,4.27
AUTUMN,4.13
AUTUMN,7.09
AUTUMN,11.81
AUTUMN,15.99
AUTUMN,15.13
AUTUMN,10.12
AUTUMN,8.42
AUTUMN,8.65
AUTUMN,8.91
AUTUMN,8.33
AUTUMN,8.16
AUTUMN,7.41
AUTUMN,7.16
AUTUMN,7.05
AUTUMN,6.79
AUTUMN,6.64
AUTUMN,6.44
AUTUMN,6.44
AUTUMN,6.44
AUTUMN,6.44
AUTUMN,6.4
WINTER,6.1
WINTER,6.1
WINTER,6.0
WINTER,7.32
WINTER,6.72
WINTER,6.06
WINTER,6.44
WINTER,5.88
WINTER,5.54
WINTER,4.94
WINTER,4.84
WINTER,4.84
WINTER,4.84
WINTER,4.84
WINTER,4.84
WINTER,4.84
WINTER,4.84
WINTER,4.84
WINTER,4.84
WINTER,4.84
WINTER,4.84
WINTER,4.84
WINTER,4.84
WINTER,4.84
WINTER,4.84
WINTER,4.84
WINTER,4.84
WINTER,4.84
WINTER,4.84
WINTER,4.84
WINTER,4.85
WINTER,5.16
WINTER,5.16
WINTER,5.16
WINTER,5.16
WINTER,5.16
WINTER,5.16
WINTER,5.16
WINTER,5.16
WINTER,5.16
WINTER,5.16
WINTER,5.45
WINTER,5.94
WINTER,5.94
WINTER,5.94
WINTER,5.94
WINTER,5.94
WINTER,5.94
WINTER,5.94
WINTER,5.94
WINTER,5.94
WINTER,5.94
WINTER,5.94
WINTER,5.94
WINTER,5.79
WINTER,5.65
WINTER,5.94
WINTER,5.76
WINTER,6.02
WINTER,6.03
WINTER,6.39
WINTER,6.03
WINTER,6.64
WINTER,6.79
WINTER,7.17
WINTER,7.9
WINTER,8.94
WINTER,15.44
WINTER,29.64
WINTER,5.67
SPRING,6.76
SPRING,6.8
SPRING,6.05
SPRING,5.67
SPRING,5.65
SPRING,5.41
SPRING,6.28
SPRING,7.18
SPRING,7.75
SPRING,6.37
SPRING,5.81
SPRING,5.46
SPRING,14.1
SPRING,13.62
SPRING,10.35
SPRING,8.62
SPRING,7.74
SPRING,16.43
SPRING,12.86
SPRING,10.74
SPRING,10.2
SPRING,9.94
SPRING,9.17
SPRING,8.31
SPRING,7.55
SPRING,6.83
SPRING,6.22
SPRING,5.37
SPRING,4.1
SPRING,4.22
SPRING,4.22
SPRING,4.0
SPRING,3.92
SPRING,3.76
SPRING,3.66
SPRING,2.36
SPRING,4.07
SPRING,9.07
SPRING,6.2
SPRING,4.99
SPRING,4.81
SPRING,3.66
SPRING,3.62
SPRING,3.46
SPRING,3.17
SPRING,3.1
SPRING,2.46
SPRING,2.41
SPRING,2.41
SPRING,2.33
SPRING,2.65
SPRING,3.59
SPRING,2.73
SPRING,2.58
SPRING,4.13
SPRING,3.43
SPRING,3.17
SPRING,2.63
SPRING,2.29
SPRING,2.64
SPRING,3.6
SPRING,2.51
SPRING,2.02
SPRING,1.87
SPRING,1.65
SPRING,1.41
SPRING,1.09
SPRING,0.69
SPRING,0.49
SPRING,0.53
SPRING,6.24
SPRING,7.42
SPRING,4.9
SPRING,3.77
SPRING,3.11
SPRING,2.94
SPRING,2.94
SPRING,2.75
SPRING,2.77
SPRING,20.63
SPRING,12.72
SPRING,7.71
SPRING,5.58
SPRING,4.71
SPRING,4.12
SPRING,3.88
SPRING,3.63
SPRING,7.91
SPRING,47.16
SPRING,18.31
SPRING,10.32
SPRING,6.04
SUMMER,4.82
SUMMER,4.5
SUMMER,3.98
SUMMER,3.35
SUMMER,3.05
SUMMER,2.84
SUMMER,2.75
SUMMER,2.57
SUMMER,2.37
SUMMER,2.23
SUMMER,2.17
SUMMER,2.41
SUMMER,2.64
SUMMER,1.83
SUMMER,1.87
SUMMER,1.82
SUMMER,3.0
SUMMER,21.48
SUMMER,57.39
SUMMER,14.93
SUMMER,7.74
SUMMER,5.45
SUMMER,5.31
SUMMER,4.71
SUMMER,3.77
SUMMER,12.59
SUMMER,8.34
SUMMER,25.85
SUMMER,9.46
SUMMER,6.83
SUMMER,9.9
SUMMER,6.53
SUMMER,11.04
SUMMER,5.32
SUMMER,10.41
SUMMER,6.43
SUMMER,4.7
SUMMER,8.35
SUMMER,18.99
SUMMER,8.49
SUMMER,6.12
SUMMER,5.86
SUMMER,13.35
SUMMER,33.67
SUMMER,53.34
SUMMER,32.91
SUMMER,100.42
SUMMER,78.42
SUMMER,36.3
SUMMER,24.43
SUMMER,18.64
SUMMER,81.69
SUMMER,89.05
SUMMER,144.16
SUMMER,63.97
SUMMER,35.15
SUMMER,24.09
SUMMER,20.2
SUMMER,19.72
SUMMER,16.12
SUMMER,73.3
SUMMER,39.82
SUMMER,86.73
SUMMER,142.68
SUMMER,70.52
SUMMER,44.8
SUMMER,41.4
SUMMER,38.97
SUMMER,24.66
SUMMER,16.78
SUMMER,33.82
SUMMER,39.03
SUMMER,23.06
SUMMER,17.4
SUMMER,15.12
SUMMER,13.96
SUMMER,12.44
SUMMER,10.36
SUMMER,9.61
SUMMER,9.26
SUMMER,8.2
SUMMER,7.1
SUMMER,14.01
SUMMER,67.63
SUMMER,28.95
SUMMER,15.5
SUMMER,11.59
SUMMER,10.68
SUMMER,9.47
SUMMER,29.21
SUMMER,38.76
SUMMER,16.35
AUTUMN,11.96
AUTUMN,10.22
AUTUMN,9.38
AUTUMN,9.01
AUTUMN,8.44
AUTUMN,7.78
AUTUMN,7.6
AUTUMN,7.12
AUTUMN,6.31
AUTUMN,6.27
AUTUMN,26.67
AUTUMN,13.64
AUTUMN,19.15
AUTUMN,160.04
AUTUMN,68.36
AUTUMN,27.18
AUTUMN,16.79
AUTUMN,13.0
AUTUMN,10.71
AUTUMN,9.4
AUTUMN,8.61
AUTUMN,8.01
AUTUMN,8.72
AUTUMN,7.08
AUTUMN,7.03
AUTUMN,6.78
AUTUMN,6.26
AUTUMN,5.91
AUTUMN,11.24
AUTUMN,10.02
AUTUMN,7.05
AUTUMN,7.16
AUTUMN,6.19
AUTUMN,5.69
AUTUMN,5.56
AUTUMN,5.37
AUTUMN,5.03
AUTUMN,5.46
AUTUMN,6.41
AUTUMN,5.13
AUTUMN,4.06
AUTUMN,4.13
AUTUMN,4.08
AUTUMN,4.48
AUTUMN,4.46
AUTUMN,4.3
AUTUMN,4.3
AUTUMN,4.3
AUTUMN,4.3
AUTUMN,4.2
AUTUMN,4.08
AUTUMN,4.08
AUTUMN,4.08
AUTUMN,4.08
AUTUMN,3.99
AUTUMN,3.86
AUTUMN,3.86
AUTUMN,3.76
AUTUMN,3.65
AUTUMN,3.65
AUTUMN,3.65
AUTUMN,3.65
AUTUMN,3.65
AUTUMN,3.78
AUTUMN,4.08
AUTUMN,4.08
AUTUMN,4.08
AUTUMN,3.95
AUTUMN,3.86
AUTUMN,3.86
AUTUMN,3.86
AUTUMN,3.86
AUTUMN,3.86
AUTUMN,4.16
AUTUMN,4.54
AUTUMN,4.54
AUTUMN,4.54
AUTUMN,4.54
AUTUMN,4.54
AUTUMN,4.54
AUTUMN,4.54
AUTUMN,4.54
AUTUMN,4.54
AUTUMN,4.54
AUTUMN,4.54
AUTUMN,8.3
AUTUMN,8.5
AUTUMN,6.72
AUTUMN,6.72
AUTUMN,6.18
AUTUMN,5.6
WINTER,5.29
WINTER,5.26
WINTER,5.03
WINTER,4.78
WINTER,4.78
WINTER,4.39
WINTER,3.98
WINTER,4.08
WINTER,4.62
WINTER,7.19
WINTER,6.15
WINTER,5.54
WINTER,5.29
WINTER,5.02
WINTER,4.78
WINTER,4.78
WINTER,4.74
WINTER,4.3
WINTER,4.08
WINTER,4.08
WINTER,4.08
WINTER,4.08
WINTER,4.08
WINTER,4.08
WINTER,4.08
WINTER,4.08
WINTER,4.08
WINTER,4.08
WINTER,4.08
WINTER,4.08
WINTER,4.03
WINTER,3.68
WINTER,3.65
WINTER,3.65
WINTER,3.65
WINTER,3.65
WINTER,3.65
WINTER,3.65
WINTER,3.65
WINTER,3.65
WINTER,3.65
WINTER,3.65
WINTER,3.65
WINTER,3.65
WINTER,3.65
WINTER,3.65
WINTER,3.65
WINTER,3.65
WINTER,3.65
WINTER,3.65
WINTER,3.65
WINTER,3.65
WINTER,3.65
WINTER,3.65
WINTER,3.65
WINTER,3.65
WINTER,3.65
WINTER,3.65
WINTER,3.65
WINTER,3.65
WINTER,3.65
WINTER,3.65
WINTER,4.41
WINTER,12.11
WINTER,8.32
WINTER,7.04
WINTER,7.04
WINTER,7.04
WINTER,7.04
WINTER,6.24
WINTER,5.85
WINTER,5.85
WINTER,5.85
WINTER,5.61
WINTER,4.95
WINTER,4.15
WINTER,3.82
WINTER,3.65
WINTER,3.47
WINTER,3.45
WINTER,3.45
WINTER,3.45
WINTER,3.38
WINTER,3.25
WINTER,3.25
WINTER,3.25
WINTER,3.25
WINTER,3.25
WINTER,3.25
WINTER,3.25
SPRING,3.25
SPRING,3.25
SPRING,3.25
SPRING,3.25
SPRING,3.25
SPRING,3.25
SPRING,3.25
SPRING,3.25
SPRING,3.25
SPRING,3.25
SPRING,3.25
SPRING,3.4
SPRING,4.25
SPRING,4.2
SPRING,3.97
SPRING,3.76
SPRING,3.43
SPRING,3.25
SPRING,3.25
SPRING,3.25
SPRING,3.25
SPRING,3.25
SPRING,3.16
SPRING,3.06
SPRING,3.06
SPRING,2.98
SPRING,2.76
SPRING,2.38
SPRING,2.27
SPRING,2.34
SPRING,2.52
SPRING,2.09
SPRING,1.82
SPRING,1.82
SPRING,1.81
SPRING,1.22
SPRING,0.96
SPRING,1.26
SPRING,1.44
SPRING,1.34
SPRING,1.27
SPRING,1.27
SPRING,1.2
SPRING,1.04
SPRING,0.96
SPRING,0.79
SPRING,0.6
SPRING,0.6
SPRING,0.6
SPRING,0.6
SPRING,0.46
SPRING,0.22
SPRING,0.25
SPRING,0.24
SPRING,0.22
SPRING,0.32
SPRING,0.25
SPRING,0.22
SPRING,0.76
SPRING,2.29
SPRING,1.9
SPRING,1.38
SPRING,0.74
SPRING,1.25
SPRING,0.39
SPRING,0.27
SPRING,0.27
SPRING,0.27
SPRING,0.97
SPRING,2.11
SPRING,2.27
SPRING,3.01
SPRING,10.05
SPRING,7.86
SPRING,4.9
SPRING,4.06
SPRING,1.69
SPRING,2.27
SPRING,2.27
SPRING,2.2
SPRING,2.04
SPRING,1.98
SPRING,1.82
SPRING,1.72
SPRING,1.62
SPRING,1.74
SPRING,2.78
SPRING,2.1
SPRING,1.39
SPRING,1.18
SPRING,0.98
SPRING,0.79
SUMMER,0.71
SUMMER,0.71
SUMMER,1.6
SUMMER,7.48
SUMMER,4.91
SUMMER,1.64
SUMMER,1.92
SUMMER,1.73
SUMMER,1.56
SUMMER,1.6
SUMMER,24.11
SUMMER,10.6
SUMMER,6.13
SUMMER,5.54
SUMMER,3.56
SUMMER,1.41
SUMMER,1.77
SUMMER,1.92
SUMMER,2.04
SUMMER,2.04
SUMMER,2.04
SUMMER,2.04
SUMMER,10.0
SUMMER,16.42
SUMMER,5.63
SUMMER,3.96
SUMMER,3.3
SUMMER,3.06
SUMMER,2.87
SUMMER,2.34
SUMMER,0.97
SUMMER,2.63
SUMMER,4.01
SUMMER,3.36
SUMMER,2.59
SUMMER,1.92
SUMMER,1.64
SUMMER,1.36
SUMMER,3.09
SUMMER,3.59
SUMMER,2.15
SUMMER,1.34
SUMMER,1.01
SUMMER,0.86
SUMMER,0.53
SUMMER,0.34
SUMMER,0.34
SUMMER,30.52
SUMMER,12.92
SUMMER,5.47
SUMMER,3.78
SUMMER,3.4
SUMMER,28.25
SUMMER,32.6
SUMMER,17.37
SUMMER,10.32
SUMMER,7.43
SUMMER,4.77
SUMMER,5.4
SUMMER,5.83
SUMMER,2.93
SUMMER,3.66
SUMMER,4.95
SUMMER,8.35
SUMMER,8.85
SUMMER,7.01
SUMMER,5.62
SUMMER,28.22
SUMMER,13.4
SUMMER,7.99
SUMMER,17.82
SUMMER,78.27
SUMMER,20.69
SUMMER,11.14
SUMMER,10.99
SUMMER,10.57
SUMMER,8.6
SUMMER,7.84
SUMMER,9.07
SUMMER,14.32
SUMMER,13.54
SUMMER,28.69
SUMMER,41.75
SUMMER,18.17
SUMMER,12.33
SUMMER,10.4
SUMMER,8.83
SUMMER,7.79
SUMMER,6.65
SUMMER,6.18
SUMMER,5.4
SUMMER,4.98
AUTUMN,4.72
AUTUMN,4.71
AUTUMN,30.78
AUTUMN,24.06
AUTUMN,11.05
AUTUMN,8.05
AUTUMN,6.98
AUTUMN,6.51
AUTUMN,5.66
AUTUMN,5.03
AUTUMN,4.78
AUTUMN,4.22
AUTUMN,3.8
AUTUMN,5.06
AUTUMN,4.68
AUTUMN,4.59
AUTUMN,4.14
AUTUMN,4.35
AUTUMN,4.35
AUTUMN,4.25
AUTUMN,4.37
AUTUMN,5.27
AUTUMN,4.74
AUTUMN,15.58
AUTUMN,15.57
AUTUMN,7.48
AUTUMN,5.99
AUTUMN,5.51
AUTUMN,5.97
AUTUMN,6.8
AUTUMN,5.67
AUTUMN,6.01
AUTUMN,5.59
AUTUMN,5.39
AUTUMN,5.12
AUTUMN,4.89
AUTUMN,4.59
AUTUMN,4.39
AUTUMN,4.29
AUTUMN,4.13
AUTUMN,3.94
AUTUMN,3.8
AUTUMN,3.8
AUTUMN,3.8
AUTUMN,3.8
AUTUMN,3.8
AUTUMN,3.8
AUTUMN,3.8
AUTUMN,3.71
AUTUMN,10.42
AUTUMN,73.43
AUTUMN,69.38
AUTUMN,25.91
AUTUMN,15.38
AUTUMN,11.48
AUTUMN,9.03
AUTUMN,8.48
AUTUMN,7.47
AUTUMN,7.24
AUTUMN,6.71
AUTUMN,6.79
AUTUMN,14.6
AUTUMN,9.54
AUTUMN,7.98
AUTUMN,6.83
AUTUMN,6.19
AUTUMN,6.09
AUTUMN,5.9
AUTUMN,5.45
AUTUMN,5.21
AUTUMN,5.21
AUTUMN,5.21
AUTUMN,5.21
AUTUMN,5.21
AUTUMN,5.21
AUTUMN,5.21
AUTUMN,5.21
AUTUMN,5.11
AUTUMN,4.8
AUTUMN,4.8
AUTUMN,4.8
AUTUMN,4.8
AUTUMN,4.63
AUTUMN,4.59
AUTUMN,4.41
AUTUMN,4.39
AUTUMN,4.39
AUTUMN,4.39
AUTUMN,4.39
AUTUMN,4.39
AUTUMN,4.54
WINTER,5.19
WINTER,5.21
WINTER,5.21
WINTER,5.21
WINTER,5.21
WINTER,5.12
WINTER,5.02
WINTER,4.83
WINTER,4.69
WINTER,4.59
WINTER,4.59
WINTER,4.59
WINTER,4.59
WINTER,4.14
WINTER,4.0
WINTER,4.91
WINTER,4.87
WINTER,4.39
WINTER,4.09
WINTER,3.99
WINTER,3.98
WINTER,4.19
WINTER,4.19
WINTER,4.03
WINTER,3.99
WINTER,3.75
WINTER,3.69
WINTER,3.72
WINTER,3.63
WINTER,3.61
WINTER,3.61
WINTER,3.03
WINTER,3.25
WINTER,3.25
WINTER,3.25
WINTER,3.25
WINTER,3.52
WINTER,3.53
WINTER,3.43
WINTER,3.43
WINTER,3.43
WINTER,3.43
WINTER,3.43
WINTER,3.43
WINTER,3.49
WINTER,3.39
WINTER,3.25
WINTER,3.25
WINTER,3.03
WINTER,3.25
WINTER,3.25
WINTER,3.25
WINTER,3.25
WINTER,3.25
WINTER,3.25
WINTER,3.25
WINTER,3.42
WINTER,3.61
WINTER,3.61
WINTER,3.61
WINTER,3.61
WINTER,3.33
WINTER,3.07
WINTER,3.07
WINTER,3.07
WINTER,3.07
WINTER,3.07
WINTER,3.07
WINTER,3.07
WINTER,2.89
WINTER,2.73
WINTER,2.86
WINTER,3.07
WINTER,3.07
WINTER,2.83
WINTER,2.73
WINTER,2.73
WINTER,2.99
WINTER,4.69
WINTER,4.52
WINTER,4.01
WINTER,3.74
WINTER,3.48
WINTER,4.52
WINTER,4.78
WINTER,4.42
WINTER,4.16
WINTER,3.82
WINTER,3.8
WINTER,3.8
SPRING,3.8
SPRING,3.8
SPRING,3.65
SPRING,3.61
SPRING,3.61
SPRING,3.51
SPRING,3.33
SPRING,3.25
SPRING,3.06
SPRING,2.9
SPRING,3.06
SPRING,3.42
SPRING,3.29
SPRING,3.43
SPRING,3.23
SPRING,2.93
SPRING,2.3
SPRING,2.85
SPRING,7.67
SPRING,5.25
SPRING,4.21
SPRING,3.87
SPRING,3.68
SPRING,3.59
SPRING,2.81
SPRING,2.9
SPRING,3.02
SPRING,2.84
SPRING,2.36
SPRING,2.22
SPRING,1.58
SPRING,1.46
SPRING,2.24
SPRING,17.99
SPRING,9.74
SPRING,7.21
SPRING,6.21
SPRING,4.67
SPRING,3.26
SPRING,3.69
SPRING,3.3
SPRING,3.24
SPRING,3.25
SPRING,3.25
SPRING,4.28
SPRING,5.08
SPRING,4.66
SPRING,4.17
SPRING,3.46
SPRING,8.41
SPRING,20.24
SPRING,15.07
SPRING,9.49
SPRING,7.22
SPRING,5.78
SPRING,5.15
SPRING,4.46
SPRING,3.83
SPRING,3.23
SPRING,3.19
SPRING,3.68
SPRING,3.19
SPRING,2.84
SPRING,2.73
SPRING,2.73
SPRING,1.88
SPRING,1.12
SPRING,1.5
SPRING,1.71
SPRING,1.71
SPRING,1.91
SPRING,1.99
SPRING,5.58
SPRING,7.97
SPRING,5.47
SPRING,4.25
SPRING,3.92
SPRING,3.55
SPRING,3.08
SPRING,2.83
SPRING,2.73
SPRING,2.68
SPRING,2.43
SPRING,2.14
SPRING,1.85
SPRING,1.62
SPRING,1.47
SPRING,1.31
SPRING,0.98
SPRING,0.89
SPRING,0.89
SPRING,0.89
SUMMER,0.89
SUMMER,0.89
SUMMER,0.89
SUMMER,0.89
SUMMER,0.89
SUMMER,0.89
SUMMER,0.89
SUMMER,0.89
SUMMER,0.89
SUMMER,0.82
SUMMER,0.74
SUMMER,1.07
SUMMER,1.98
SUMMER,2.59
SUMMER,2.55
SUMMER,2.06
SUMMER,1.71
SUMMER,1.64
SUMMER,2.19
SUMMER,3.87
SUMMER,5.03
SUMMER,3.58
SUMMER,2.55
SUMMER,2.17
SUMMER,2.17
SUMMER,14.32
SUMMER,9.93
SUMMER,5.35
SUMMER,3.95
SUMMER,3.28
SUMMER,2.99
SUMMER,2.62
SUMMER,2.22
SUMMER,1.97
SUMMER,1.97
SUMMER,1.82
SUMMER,1.71
SUMMER,1.59
SUMMER,1.76
SUMMER,1.87
SUMMER,1.55
SUMMER,2.2
SUMMER,5.9
SUMMER,5.02
SUMMER,1.96
SUMMER,1.7
SUMMER,1.07
SUMMER,1.07
SUMMER,1.07
SUMMER,1.89
SUMMER,1.07
SUMMER,1.72
SUMMER,5.15
SUMMER,89.21
SUMMER,51.49
SUMMER,21.78
SUMMER,11.08
SUMMER,6.91
SUMMER,89.49
SUMMER,50.67
SUMMER,17.81
SUMMER,11.07
SUMMER,70.85
SUMMER,57.36
SUMMER,21.7
SUMMER,11.61
SUMMER,9.48
SUMMER,7.1
SUMMER,19.53
SUMMER,17.95
SUMMER,8.99
SUMMER,7.51
SUMMER,6.3
SUMMER,4.9
SUMMER,4.54
SUMMER,5.24
SUMMER,5.47
SUMMER,8.67
SUMMER,5.21
SUMMER,4.26
SUMMER,3.9
SUMMER,4.84
SUMMER,4.43
SUMMER,3.69
SUMMER,3.46
SUMMER,4.86
SUMMER,5.83
SUMMER,4.23
SUMMER,3.5
SUMMER,3.08
SUMMER,2.75
SUMMER,1.63
AUTUMN,2.4
AUTUMN,2.28
AUTUMN,2.7
AUTUMN,3.14
AUTUMN,2.87
AUTUMN,3.63
AUTUMN,4.59
AUTUMN,3.36
AUTUMN,2.89
AUTUMN,2.66
AUTUMN,2.51
AUTUMN,3.29
AUTUMN,3.26
AUTUMN,2.89
AUTUMN,2.73
AUTUMN,2.64
AUTUMN,2.49
AUTUMN,2.37
AUTUMN,2.41
AUTUMN,2.29
AUTUMN,2.43
AUTUMN,3.25
AUTUMN,3.06
AUTUMN,2.54
AUTUMN,2.34
AUTUMN,2.41
AUTUMN,2.26
AUTUMN,2.26
AUTUMN,2.26
AUTUMN,2.19
AUTUMN,2.87
AUTUMN,5.35
AUTUMN,3.39
AUTUMN,2.91
AUTUMN,2.86
AUTUMN,3.04
AUTUMN,2.66
AUTUMN,2.57
AUTUMN,2.5
AUTUMN,2.41
AUTUMN,2.41
AUTUMN,2.41
AUTUMN,2.41
AUTUMN,2.41
AUTUMN,2.63
AUTUMN,2.81
AUTUMN,2.5
AUTUMN,2.41
AUTUMN,2.41
AUTUMN,2.34
AUTUMN,2.26
AUTUMN,2.26
AUTUMN,2.26
AUTUMN,2.26
AUTUMN,2.26
AUTUMN,2.26
AUTUMN,2.46
AUTUMN,2.9
AUTUMN,2.8
AUTUMN,2.65
AUTUMN,2.49
AUTUMN,2.41
AUTUMN,2.41
AUTUMN,2.41
AUTUMN,2.35
AUTUMN,2.26
AUTUMN,2.26
AUTUMN,2.57
AUTUMN,8.62
AUTUMN,10.95
AUTUMN,6.91
AUTUMN,4.94
AUTUMN,4.07
AUTUMN,4.11
AUTUMN,15.63
AUTUMN,11.2
AUTUMN,7.41
AUTUMN,14.45
AUTUMN,10.46
AUTUMN,7.89
AUTUMN,6.6
AUTUMN,5.78
AUTUMN,5.21
AUTUMN,6.58
AUTUMN,7.88
AUTUMN,7.26
AUTUMN,8.36
AUTUMN,7.58
AUTUMN,6.79
AUTUMN,6.03
AUTUMN,5.68
WINTER,5.64
WINTER,5.68
WINTER,8.05
WINTER,9.4
WINTER,9.44
WINTER,9.39
WINTER,8.26
WINTER,7.43
WINTER,6.79
WINTER,6.39
WINTER,6.74
WINTER,6.76
WINTER,6.29
WINTER,5.91
WINTER,6.4
WINTER,6.55
WINTER,6.05
WINTER,5.46
WINTER,5.42
WINTER,5.02
WINTER,5.02
WINTER,5.02
WINTER,5.02
WINTER,5.02
WINTER,5.02
WINTER,4.98
WINTER,4.59
WINTER,4.19
WINTER,4.1
WINTER,3.99
WINTER,3.99
WINTER,4.42
WINTER,4.42
WINTER,4.42
WINTER,4.42
WINTER,4.42
WINTER,4.42
WINTER,4.42
WINTER,4.42
WINTER,2.39
WINTER,2.39
WINTER,2.39
WINTER,2.39
WINTER,2.39
WINTER,2.39
WINTER,3.06
WINTER,7.25
WINTER,5.07
WINTER,4.15
WINTER,3.74
WINTER,3.62
WINTER,3.44
WINTER,3.31
WINTER,3.21
WINTER,3.21
WINTER,3.09
WINTER,2.99
WINTER,2.99
WINTER,2.99
WINTER,2.99
WINTER,2.99
WINTER,3.05
SPRING,3.21
SPRING,3.21
SPRING,3.33
SPRING,3.44
SPRING,8.31
SPRING,30.73
SPRING,14.43
SPRING,8.8
SPRING,7.53
SPRING,6.47
SPRING,5.58
SPRING,5.32
SPRING,4.8
SPRING,4.37
SPRING,4.21
SPRING,4.04
SPRING,3.71
SPRING,3.46
SPRING,3.21
SPRING,3.09
SPRING,2.89
SPRING,2.78
SPRING,2.78
SPRING,2.78
SPRING,2.78
SPRING,2.69
SPRING,2.58
SPRING,2.49
SPRING,2.39
SPRING,2.31
SPRING,2.21
SPRING,2.13
SPRING,2.03
SPRING,2.03
SPRING,1.94
SPRING,1.86
SPRING,1.79
SPRING,2.77
SPRING,2.86
SPRING,1.44
SPRING,1.27
SPRING,1.27
SPRING,1.16
SPRING,1.02
SPRING,1.11
SPRING,1.27
SPRING,1.28
SPRING,9.49
SPRING,7.43
SPRING,3.97
SPRING,2.63
SPRING,3.9
SPRING,4.74
SPRING,2.67
SPRING,2.62
SPRING,2.23
SPRING,1.86
SPRING,1.7
SPRING,1.57
SPRING,1.41
SPRING,1.41
SPRING,1.35
SPRING,1.22
SPRING,3.18
SPRING,11.13
SPRING,5.34
SPRING,3.62
SPRING,3.67
SPRING,3.22
SPRING,2.36
SPRING,3.57
SPRING,7.89
SPRING,5.57
SPRING,4.35
SPRING,3.92
SPRING,3.86
SPRING,17.22
SPRING,9.43
SPRING,5.53
SPRING,4.29
SPRING,3.39
SPRING,2.89
SPRING,2.57
SPRING,2.2
SPRING,4.98
SPRING,7.77
SPRING,4.42
SPRING,3.48
SPRING,2.97
SPRING,2.56
SPRING,2.19
SPRING,2.03
SUMMER,1.64
SUMMER,1.4
SUMMER,1.12
SUMMER,0.8
SUMMER,1.26
SUMMER,1.77
SUMMER,1.43
SUMMER,1.2
SUMMER,1.08
SUMMER,0.97
SUMMER,0.9
SUMMER,1.02
SUMMER,1.02
SUMMER,1.02
SUMMER,1.09
SUMMER,1.14
SUMMER,1.14
SUMMER,1.02
SUMMER,0.86
SUMMER,0.94
SUMMER,1.03
SUMMER,1.14
SUMMER,1.11
SUMMER,1.55
SUMMER,2.81
SUMMER,1.73
SUMMER,1.41
SUMMER,1.21
SUMMER,1.02
SUMMER,1.02
SUMMER,3.25
SUMMER,37.54
SUMMER,13.82
SUMMER,25.77
SUMMER,132.41
SUMMER,103.57
SUMMER,34.32
SUMMER,21.43
SUMMER,13.8
SUMMER,10.45
SUMMER,7.99
SUMMER,8.31
SUMMER,6.5
SUMMER,4.75
SUMMER,4.31
SUMMER,26.73
SUMMER,32.65
SUMMER,15.21
SUMMER,8.73
SUMMER,6.74
SUMMER,4.5
SUMMER,4.69
SUMMER,3.93
SUMMER,3.47
SUMMER,3.21
SUMMER,3.13
SUMMER,2.09
SUMMER,3.79
SUMMER,10.55
SUMMER,26.62
SUMMER,17.2
SUMMER,8.13
SUMMER,5.68
SUMMER,4.7
SUMMER,3.9
SUMMER,3.52
SUMMER,3.16
SUMMER,2.71
SUMMER,2.31
SUMMER,2.13
SUMMER,1.91
SUMMER,1.71
SUMMER,1.55
SUMMER,1.55
SUMMER,1.55
SUMMER,1.69
SUMMER,1.66
SUMMER,1.5
SUMMER,1.21
SUMMER,1.09
SUMMER,0.97
SUMMER,1.0
SUMMER,0.99
SUMMER,0.9
SUMMER,0.9
SUMMER,0.9
SUMMER,1.37
SUMMER,1.95
SUMMER,2.03
SUMMER,2.03
SUMMER,2.03
SUMMER,2.48
AUTUMN,5.9
AUTUMN,4.51
AUTUMN,3.94
AUTUMN,3.3
AUTUMN,3.0
AUTUMN,2.78
AUTUMN,2.68
AUTUMN,2.78
AUTUMN,3.21
AUTUMN,3.21
AUTUMN,3.14
AUTUMN,2.99
AUTUMN,2.8
AUTUMN,2.58
AUTUMN,2.58
AUTUMN,2.49
AUTUMN,4.13
AUTUMN,5.84
AUTUMN,4.36
AUTUMN,3.94
AUTUMN,3.77
AUTUMN,4.61
AUTUMN,3.3
AUTUMN,2.92
AUTUMN,2.78
AUTUMN,3.17
AUTUMN,3.16
AUTUMN,2.99
AUTUMN,2.84
AUTUMN,2.78
AUTUMN,2.78
AUTUMN,2.78
AUTUMN,5.58
AUTUMN,5.2
AUTUMN,4.12
AUTUMN,4.19
AUTUMN,3.74
AUTUMN,4.97
AUTUMN,5.36
AUTUMN,4.0
AUTUMN,3.61
AUTUMN,3.31
AUTUMN,3.09
AUTUMN,2.89
AUTUMN,2.78
AUTUMN,2.78
AUTUMN,2.78
AUTUMN,2.78
AUTUMN,2.66
AUTUMN,2.58
AUTUMN,2.58
AUTUMN,2.49
AUTUMN,2.39
AUTUMN,2.39
AUTUMN,7.07
AUTUMN,11.95
AUTUMN,5.69
AUTUMN,4.43
AUTUMN,4.05
AUTUMN,3.78
AUTUMN,3.55
AUTUMN,3.44
AUTUMN,3.44
AUTUMN,3.32
AUTUMN,3.13
AUTUMN,2.99
AUTUMN,2.88
AUTUMN,2.78
AUTUMN,2.78
AUTUMN,2.78
AUTUMN,2.78
AUTUMN,2.78
AUTUMN,2.78
AUTUMN,2.78
AUTUMN,2.78
AUTUMN,2.68
AUTUMN,2.58
AUTUMN,2.58
AUTUMN,2.58
AUTUMN,2.58
AUTUMN,2.58
AUTUMN,2.58
AUTUMN,2.58
AUTUMN,2.58
AUTUMN,2.58
AUTUMN,2.58
AUTUMN,2.58
AUTUMN,2.66
AUTUMN,2.78
AUTUMN,2.81
AUTUMN,2.99
WINTER,2.99
WINTER,2.99
WINTER,2.99
WINTER,2.99
WINTER,2.99
WINTER,2.99
WINTER,3.11
WINTER,3.21
WINTER,3.21
WINTER,3.21
WINTER,3.21
WINTER,3.21
WINTER,3.21
WINTER,3.21
WINTER,3.21
WINTER,3.03
WINTER,2.99
WINTER,2.99
WINTER,2.99
WINTER,2.69
WINTER,2.55
WINTER,9.58
WINTER,10.33
WINTER,6.37
WINTER,4.88
WINTER,4.43
WINTER,4.21
WINTER,3.88
WINTER,3.81
WINTER,3.39
WINTER,3.21
WINTER,3.33
WINTER,3.33
WINTER,3.33
WINTER,3.33
WINTER,3.33
WINTER,3.14
WINTER,3.1
WINTER,3.1
WINTER,3.1
WINTER,3.1
WINTER,2.99
WINTER,2.88
WINTER,2.88
WINTER,2.59
WINTER,2.47
WINTER,2.47
WINTER,2.47
WINTER,2.47
WINTER,2.47
WINTER,2.47
WINTER,2.47
WINTER,2.47
WINTER,2.47
WINTER,2.6
WINTER,2.51
WINTER,2.57
WINTER,2.67
WINTER,2.44
WINTER,2.27
WINTER,2.27
WINTER,2.27
WINTER,2.27
WINTER,2.27
WINTER,2.27
WINTER,2.27
WINTER,2.27
WINTER,2.27
WINTER,2.27
WINTER,2.27
WINTER,2.27
WINTER,2.09
WINTER,1.91
WINTER,1.91
WINTER,1.91
WINTER,1.91
WINTER,1.91
WINTER,1.91
WINTER,1.91
WINTER,1.91
WINTER,1.91
WINTER,2.6
WINTER,3.1
WINTER,3.15
WINTER,4.67
WINTER,4.15
WINTER,3.41
WINTER,3.1
WINTER,2.36
WINTER,1.9
SPRING,1.65
SPRING,1.9
SPRING,2.15
SPRING,2.27
SPRING,2.27
SPRING,2.27
SPRING,2.27
SPRING,2.27
SPRING,2.27
SPRING,2.27
SPRING,2.19
SPRING,2.01
SPRING,1.91
SPRING,1.91
SPRING,1.91
SPRING,1.83
SPRING,1.74
SPRING,1.74
SPRING,1.66
SPRING,1.58
SPRING,1.58
SPRING,1.54
SPRING,1.43
SPRING,1.43
SPRING,1.43
SPRING,1.43
SPRING,1.43
SPRING,1.43
SPRING,1.43
SPRING,1.37
SPRING,1.29
SPRING,1.29
SPRING,1.29
SPRING,1.29
SPRING,1.23
SPRING,1.16
SPRING,1.54
SPRING,1.52
SPRING,1.27
SPRING,1.16
SPRING,1.15
SPRING,1.03
SPRING,0.84
SPRING,0.7
SPRING,0.7
SPRING,0.64
SPRING,0.56
SPRING,0.52
SPRING,0.52
SPRING,0.63
SPRING,0.76
SPRING,0.8
SPRING,0.76
SPRING,0.62
SPRING,0.52
SPRING,0.48
SPRING,0.41
SPRING,0.31
SPRING,0.24
SPRING,0.22
SPRING,0.19
SPRING,0.19
SPRING,0.19
SPRING,0.19
SPRING,0.19
SPRING,0.19
SPRING,0.19
SPRING,0.19
SPRING,0.19
SPRING,0.19
SPRING,0.19
SPRING,0.19
SPRING,0.19
SPRING,0.19
SPRING,0.19
SPRING,0.19
SPRING,0.19
SPRING,0.19
SPRING,0.17
SPRING,0.15
SPRING,0.15
SPRING,0.15
SPRING,0.15
SPRING,0.15
SPRING,0.15
SPRING,0.15
SPRING,0.15
SPRING,0.18
SPRING,0.19
SPRING,0.22
SPRING,0.19
SPRING,0.19
SUMMER,0.19
SUMMER,0.19
SUMMER,0.19
SUMMER,0.19
SUMMER,0.19
SUMMER,0.19
SUMMER,0.19
SUMMER,0.19
SUMMER,0.19
SUMMER,0.19
SUMMER,0.19
SUMMER,0.19
SUMMER,0.19
SUMMER,0.19
SUMMER,0.19
SUMMER,0.19
SUMMER,0.19
SUMMER,0.19
SUMMER,0.19
SUMMER,0.19
SUMMER,0.19
SUMMER,0.19
SUMMER,0.19
SUMMER,0.17
SUMMER,0.15
SUMMER,0.17
SUMMER,6.12
SUMMER,5.88
SUMMER,3.72
SUMMER,2.66
SUMMER,2.21
SUMMER,2.02
SUMMER,6.18
SUMMER,44.53
SUMMER,21.06
SUMMER,8.68
SUMMER,12.38
SUMMER,11.23
SUMMER,12.77
SUMMER,113.84
SUMMER,201.05
SUMMER,39.4
SUMMER,23.25
SUMMER,19.12
SUMMER,24.85
SUMMER,192.61
SUMMER,56.41
SUMMER,35.33
SUMMER,23.38
SUMMER,19.4
SUMMER,17.1
SUMMER,20.36
SUMMER,21.96
SUMMER,66.56
SUMMER,49.69
SUMMER,25.79
SUMMER,19.47
SUMMER,18.25
SUMMER,18.72
SUMMER,13.85
SUMMER,179.59
SUMMER,65.84
SUMMER,27.46
SUMMER,20.42
SUMMER,15.43
SUMMER,11.68
SUMMER,9.7
SUMMER,8.3
SUMMER,5.79
SUMMER,5.0
SUMMER,9.31
SUMMER,7.84
SUMMER,6.04
SUMMER,5.29
SUMMER,6.29
SUMMER,17.39
SUMMER,34.18
SUMMER,21.25
SUMMER,17.09
SUMMER,11.52
SUMMER,23.95
SUMMER,75.05
SUMMER,95.72
SUMMER,81.22
SUMMER,74.46
SUMMER,73.13
SUMMER,35.54
SUMMER,26.99
SUMMER,26.94
SUMMER,39.32
SUMMER,22.6
SUMMER,18.87
AUTUMN,15.91
AUTUMN,14.29
AUTUMN,12.12
AUTUMN,10.81
AUTUMN,10.09
AUTUMN,9.63
AUTUMN,9.38
AUTUMN,8.31
AUTUMN,7.92
AUTUMN,7.92
AUTUMN,10.94
AUTUMN,10.19
AUTUMN,7.65
AUTUMN,7.28
AUTUMN,6.51
AUTUMN,5.75
AUTUMN,5.53
AUTUMN,5.19
AUTUMN,6.48
AUTUMN,10.04
AUTUMN,6.7
AUTUMN,5.42
AUTUMN,4.96
AUTUMN,4.76
AUTUMN,5.28
AUTUMN,7.54
AUTUMN,7.39
AUTUMN,6.31
AUTUMN,4.98
AUTUMN,4.43
AUTUMN,4.06
AUTUMN,5.14
AUTUMN,5.41
AUTUMN,4.48
AUTUMN,4.14
AUTUMN,4.03
AUTUMN,4.03
AUTUMN,3.89
AUTUMN,3.67
AUTUMN,3.58
AUTUMN,4.0
AUTUMN,4.26
AUTUMN,4.23
AUTUMN,3.54
AUTUMN,3.37
AUTUMN,3.37
AUTUMN,3.37
AUTUMN,3.37
AUTUMN,3.37
AUTUMN,3.37
AUTUMN,3.26
AUTUMN,3.07
AUTUMN,2.96
AUTUMN,2.75
AUTUMN,2.58
AUTUMN,2.58
AUTUMN,2.58
AUTUMN,2.58
AUTUMN,2.58
AUTUMN,2.58
AUTUMN,2.58
AUTUMN,2.58
AUTUMN,2.58
AUTUMN,2.58
AUTUMN,2.58
AUTUMN,2.58
AUTUMN,2.58
AUTUMN,2.58
AUTUMN,2.58
AUTUMN,2.58
AUTUMN,2.58
AUTUMN,2.58
AUTUMN,2.58
AUTUMN,2.58
AUTUMN,2.58
AUTUMN,2.52
AUTUMN,2.41
AUTUMN,2.41
AUTUMN,2.41
AUTUMN,2.46
AUTUMN,2.58
AUTUMN,2.58
AUTUMN,2.58
AUTUMN,2.58
AUTUMN,2.69
AUTUMN,2.99
AUTUMN,9.39
AUTUMN,5.83
AUTUMN,4.33
AUTUMN,3.62
AUTUMN,3.58
WINTER,3.18
WINTER,3.16
WINTER,3.16
WINTER,3.16
WINTER,3.16
WINTER,3.16
WINTER,3.16
WINTER,3.16
WINTER,3.16
WINTER,3.16
WINTER,3.16
WINTER,2.19
WINTER,2.18
WINTER,2.3
WINTER,2.23
WINTER,2.23
WINTER,2.11
WINTER,2.07
WINTER,2.07
WINTER,2.07
WINTER,2.13
WINTER,2.23
WINTER,2.23
WINTER,2.8
WINTER,3.58
WINTER,3.18
WINTER,2.36
WINTER,2.35
WINTER,2.58
WINTER,2.58
WINTER,2.58
WINTER,2.91
WINTER,2.91
WINTER,2.71
WINTER,2.45
WINTER,2.39
WINTER,2.39
WINTER,2.39
WINTER,2.39
WINTER,2.39
WINTER,2.39
WINTER,2.39
WINTER,2.39
WINTER,2.39
WINTER,2.39
WINTER,2.39
WINTER,2.39
WINTER,2.33
WINTER,2.39
WINTER,2.39
WINTER,2.39
WINTER,2.39
WINTER,2.39
WINTER,2.39
WINTER,2.39
WINTER,2.39
WINTER,2.39
WINTER,2.39
WINTER,2.39
WINTER,2.39
WINTER,2.39
WINTER,2.39
WINTER,2.39
WINTER,2.39
WINTER,2.39
WINTER,2.39
WINTER,2.39
WINTER,2.39
WINTER,2.39
WINTER,2.39
WINTER,2.46
WINTER,2.56
WINTER,2.56
WINTER,2.56
WINTER,2.56
WINTER,2.56
WINTER,2.56
WINTER,2.56
WINTER,2.56
WINTER,2.56
WINTER,2.56
WINTER,2.54
WINTER,2.17
WINTER,2.07
WINTER,1.95
WINTER,1.92
WINTER,1.92
WINTER,1.92
WINTER,1.92
WINTER,3.8
SPRING,15.03
SPRING,5.74
SPRING,3.91
SPRING,3.05
SPRING,14.46
SPRING,10.43
SPRING,5.58
SPRING,5.74
SPRING,6.92
SPRING,5.51
SPRING,4.32
SPRING,3.99
SPRING,3.63
SPRING,3.26
SPRING,4.11
SPRING,5.91
SPRING,4.67
SPRING,3.9
SPRING,4.13
SPRING,4.72
SPRING,4.11
SPRING,3.9
SPRING,3.9
SPRING,3.8
SPRING,3.39
SPRING,3.08
SPRING,2.91
SPRING,2.83
SPRING,2.5
SPRING,1.48
SPRING,1.37
SPRING,1.49
SPRING,1.63
SPRING,1.63
SPRING,2.24
SPRING,3.0
SPRING,10.02
SPRING,6.61
SPRING,4.78
SPRING,4.04
SPRING,3.52
SPRING,3.49
SPRING,3.21
SPRING,2.64
SPRING,4.13
SPRING,5.72
SPRING,3.83
SPRING,3.71
SPRING,2.99
SPRING,2.32
SPRING,1.92
SPRING,1.85
SPRING,1.77
SPRING,13.72
SPRING,28.82
SPRING,15.02
SPRING,8.04
SPRING,5.77
SPRING,4.41
SPRING,3.42
SPRING,2.95
SPRING,2.63
SPRING,4.26
SPRING,6.33
SPRING,5.04
SPRING,3.99
SPRING,8.65
SPRING,13.28
SPRING,7.46
SPRING,5.45
SPRING,4.61
SPRING,4.33
SPRING,9.79
SPRING,25.45
SPRING,13.51
SPRING,9.34
SPRING,37.97
SPRING,58.83
SPRING,93.38
SPRING,34.23
SPRING,19.71
SPRING,14.63
SPRING,11.77
SPRING,18.51
SPRING,11.22
SPRING,7.63
SPRING,6.26
SPRING,5.32
SPRING,3.87
SPRING,4.11
SPRING,5.62
SPRING,5.81
SUMMER,4.82
SUMMER,3.88
SUMMER,3.3
SUMMER,3.22
SUMMER,2.83
SUMMER,2.39
SUMMER,2.39
SUMMER,2.39
SUMMER,2.39
SUMMER,2.39
SUMMER,2.3
SUMMER,2.23
SUMMER,2.15
SUMMER,2.07
SUMMER,2.07
SUMMER,2.03
SUMMER,1.92
SUMMER,2.23
SUMMER,2.33
SUMMER,2.16
SUMMER,2.07
SUMMER,2.0
SUMMER,1.92
SUMMER,1.92
SUMMER,1.92
SUMMER,54.43
SUMMER,70.03
SUMMER,23.28
SUMMER,29.83
SUMMER,16.32
SUMMER,116.22
SUMMER,220.95
SUMMER,73.43
SUMMER,32.09
SUMMER,55.82
SUMMER,126.64
SUMMER,33.61
SUMMER,22.65
SUMMER,21.21
SUMMER,23.93
SUMMER,18.11
SUMMER,16.11
SUMMER,12.63
SUMMER,9.85
SUMMER,6.91
SUMMER,6.61
SUMMER,5.89
SUMMER,5.25
SUMMER,4.44
SUMMER,3.94
SUMMER,3.57
SUMMER,3.29
SUMMER,3.04
SUMMER,2.81
SUMMER,2.66
SUMMER,2.56
SUMMER,2.38
SUMMER,2.23
SUMMER,2.23
SUMMER,2.23
SUMMER,2.08
SUMMER,1.92
SUMMER,1.86
SUMMER,1.72
SUMMER,1.63
SUMMER,1.59
SUMMER,1.5
SUMMER,2.0
SUMMER,2.32
SUMMER,3.53
SUMMER,5.41
SUMMER,3.03
SUMMER,2.3
SUMMER,2.01
SUMMER,1.88
SUMMER,1.66
SUMMER,1.45
SUMMER,1.56
SUMMER,1.16
SUMMER,0.62
SUMMER,1.38
SUMMER,0.79
SUMMER,1.56
SUMMER,5.1
SUMMER,5.1
SUMMER,4.47
SUMMER,3.6
SUMMER,83.11
SUMMER,323.37
SUMMER,141.14
SUMMER,40.61
SUMMER,66.64
AUTUMN,31.6
AUTUMN,21.71
AUTUMN,22.09
AUTUMN,106.58
AUTUMN,32.69
AUTUMN,23.68
AUTUMN,21.01
AUTUMN,17.0
AUTUMN,14.68
AUTUMN,10.88
AUTUMN,8.33
AUTUMN,8.2
AUTUMN,7.48
AUTUMN,6.85
AUTUMN,6.92
AUTUMN,7.43
AUTUMN,7.13
AUTUMN,6.52
AUTUMN,6.06
AUTUMN,6.52
AUTUMN,24.46
AUTUMN,20.06
AUTUMN,10.99
AUTUMN,8.54
AUTUMN,7.53
AUTUMN,6.69
AUTUMN,6.16
AUTUMN,7.34
AUTUMN,5.77
AUTUMN,5.38
AUTUMN,5.27
AUTUMN,5.04
AUTUMN,4.71
AUTUMN,4.56
AUTUMN,6.63
AUTUMN,83.35
AUTUMN,44.2
AUTUMN,19.13
AUTUMN,13.24
AUTUMN,10.94
AUTUMN,10.29
AUTUMN,9.81
AUTUMN,9.22
AUTUMN,7.94
AUTUMN,7.0
AUTUMN,6.45
AUTUMN,5.68
AUTUMN,5.27
AUTUMN,5.27
AUTUMN,5.27
AUTUMN,5.06
AUTUMN,4.68
AUTUMN,4.56
AUTUMN,4.56
AUTUMN,4.56
AUTUMN,4.56
AUTUMN,4.56
AUTUMN,5.14
AUTUMN,6.21
AUTUMN,5.17
AUTUMN,4.66
AUTUMN,4.56
AUTUMN,4.45
AUTUMN,4.33
AUTUMN,4.22
AUTUMN,4.11
AUTUMN,4.11
AUTUMN,4.11
AUTUMN,8.19
AUTUMN,24.69
AUTUMN,12.27
AUTUMN,8.4
AUTUMN,7.01
AUTUMN,6.57
AUTUMN,6.1
AUTUMN,5.77
AUTUMN,5.43
AUTUMN,5.03
AUTUMN,5.03
AUTUMN,4.91
AUTUMN,4.79
AUTUMN,4.79
AUTUMN,4.79
AUTUMN,4.79
AUTUMN,4.88
AUTUMN,5.03
AUTUMN,5.03
AUTUMN,5.03
AUTUMN,4.97
AUTUMN,4.33
AUTUMN,4.33
WINTER,4.33
WINTER,4.33
WINTER,4.82
WINTER,8.83
WINTER,9.38
WINTER,6.6
WINTER,6.3
WINTER,6.19
WINTER,5.03
WINTER,5.03
WINTER,5.03
WINTER,5.03
WINTER,5.03
WINTER,5.03
WINTER,5.03
WINTER,5.03
WINTER,5.03
WINTER,5.03
WINTER,4.93
WINTER,4.56
WINTER,4.56
WINTER,4.47
WINTER,4.33
WINTER,4.33
WINTER,4.33
WINTER,4.22
WINTER,3.31
WINTER,2.86
WINTER,3.1
WINTER,3.1
WINTER,3.1
